17,2024-01-15T08:30:00Z,Technology,tech_article_02.pdf,1,"Edge computing is gaining traction as a way to process data closer to its source, reducing latency and improving efficiency. This technology is particularly important for IoT devices and real-time applications."
18,2024-03-22T14:45:22Z,Technology,tech_article_02.pdf,2,"The development of 6G networks is already underway, promising even faster speeds and lower latency than 5G. This next-generation technology could enable new applications in areas like holographic communication and Internet of Senses."
19,2024-06-11T11:12:33Z,Technology,tech_article_03.pdf,1,"Neuromorphic computing, which mimics the structure and function of the human brain, is showing promise in creating more efficient and adaptable AI systems. This could lead to significant advancements in machine learning and robotics."
20,2024-02-05T09:55:18Z,Health,health_article_03.pdf,1,"The field of epigenetics is shedding new light on how lifestyle factors can influence gene expression. This research is leading to new approaches in preventive medicine and personalized health strategies."
21,2024-04-30T16:20:45Z,Health,health_article_03.pdf,2,"Telemedicine has become a permanent fixture in healthcare delivery, improving access to medical services for remote and underserved populations. Continued advancements in this area are expected to further transform patient care."
22,2024-07-18T13:40:09Z,Health,health_article_04.pdf,1,"The gut microbiome is emerging as a crucial factor in overall health. Research into the complex interactions between gut bacteria and various bodily systems is opening up new avenues for treating a wide range of conditions."
23,2024-09-03T10:05:30Z,Finance,finance_article_03.pdf,1,"The rise of central bank digital currencies (CBDCs) is reshaping the global financial landscape. These government-backed digital currencies could have significant implications for monetary policy and financial inclusion."
24,2024-11-27T15:50:12Z,Finance,finance_article_03.pdf,2,"Impact investing is gaining momentum as investors seek to generate positive social and environmental outcomes alongside financial returns. This approach is driving capital towards sustainable development and social enterprises."
25,2024-08-14T12:25:55Z,Finance,finance_article_04.pdf,1,"The gig economy continues to grow, presenting both opportunities and challenges for workers and policymakers. New financial products and services are emerging to cater to the unique needs of freelancers and independent contractors."
26,2024-05-09T17:30:40Z,Education,education_article_03.pdf,1,"Gamification is being increasingly integrated into educational strategies, making learning more engaging and interactive. This approach has shown promise in improving student motivation and knowledge retention."
27,2024-10-02T09:15:23Z,Education,education_article_03.pdf,2,"The concept of micro-credentials is gaining traction in higher education and professional development. These bite-sized qualifications allow learners to acquire specific skills and knowledge in a more flexible and targeted manner."
28,2024-12-19T14:55:08Z,Education,education_article_04.pdf,1,"Virtual reality (VR) and augmented reality (AR) are being used to create immersive learning experiences across various disciplines. From virtual field trips to interactive simulations, these technologies are enhancing education in unprecedented ways."
29,2024-03-08T11:40:37Z,Entertainment,entertainment_article_02.pdf,1,"The metaverse is blurring the lines between gaming, social media, and virtual events. This convergence of technologies is creating new forms of entertainment and social interaction."
30,2024-06-25T18:20:15Z,Entertainment,entertainment_article_02.pdf,2,"AI-generated content, including music, art, and writing, is becoming increasingly sophisticated. This trend is raising questions about creativity, authorship, and the future of human artists in the entertainment industry."